id,first_name,last_name,email,phone
1,Raven,Seckington,rseckington0@about.com,285-806-4562
2,Hebert,Tobias,htobias1@usnews.com,629-551-0956
3,Stanislas,Warlock,swarlock2@yellowbook.com,635-105-0785
4,Ibbie,Chatel,ichatel3@webnode.com,630-813-7492
5,Theda,Trevains,ttrevains4@indiegogo.com,899-292-5811
6,Gunter,Hammelberg,ghammelberg5@macromedia.com,434-507-6281
7,Edithe,MacLennan,emaclennan6@statcounter.com,456-920-3184
8,Jedd,Thurman,jthurman7@ted.com,575-439-9954
9,Kristos,Stairmond,kstairmond8@gravatar.com,422-855-1375
10,Chevalier,Redgate,credgate9@vinaora.com,496-351-0170
11,Talya,Etchells,tetchellsa@skyrock.com,816-393-9742
12,Benny,Kaysor,bkaysorb@dagondesign.com,524-410-7847
13,Corrie,Empson,cempsonc@geocities.com,947-190-1385
14,Ravid,Mellonby,rmellonbyd@uiuc.edu,637-498-0758
15,Flss,Diment,fdimente@nydailynews.com,201-972-2187
16,Peadar,Freke,pfrekef@abc.net.au,572-422-7350
17,Clarinda,Tatteshall,ctatteshallg@reddit.com,605-413-4188
18,Petronella,Kinningley,pkinningleyh@columbia.edu,813-174-1213
19,Jeth,Redfearn,jredfearni@homestead.com,297-293-0325
20,Amber,Gapp,agappj@jimdo.com,147-145-8254
21,Farica,Piesold,fpiesoldk@163.com,403-510-6342
22,Tabitha,Adnett,tadnettl@senate.gov,668-217-9832
23,Davy,Boden,dbodenm@ameblo.jp,693-721-7709
24,Krispin,Presnell,kpresnelln@nih.gov,918-138-5140
25,Enrique,Racher,erachero@msu.edu,178-334-2220
26,Seward,Thirst,sthirstp@va.gov,780-631-5930
27,Bastian,Monnoyer,bmonnoyerq@buzzfeed.com,244-645-4878
28,Harwell,Ceney,hceneyr@youku.com,604-391-1458
29,Edvard,Mehaffey,emehaffeys@furl.net,651-667-0508
30,Derron,Merriott,dmerriottt@shinystat.com,869-224-8822
31,Sven,Rivallant,srivallantu@mapquest.com,200-563-4453
32,Ringo,Stiell,rstiellv@unblog.fr,828-986-0209
33,Arly,Haddow,ahaddoww@gov.uk,461-746-7778
34,Wang,MacFarland,wmacfarlandx@independent.co.uk,340-717-6775
35,Perrine,Quaif,pquaify@storify.com,813-823-9072
36,Roy,Brou,rbrouz@myspace.com,676-344-6205
37,Marchall,Hawker,mhawker10@trellian.com,608-102-8406
38,Letizia,Davley,ldavley11@marketwatch.com,783-151-8155
39,Cliff,Triplet,ctriplet12@qq.com,217-144-5222
40,Florencia,Jonuzi,fjonuzi13@google.nl,721-356-3899
41,Mahala,MacKilroe,mmackilroe14@vistaprint.com,153-519-7921
42,Rudolf,Latta,rlatta15@utexas.edu,664-339-0618
43,Annnora,Mabee,amabee16@ox.ac.uk,344-364-2252
44,Kalina,Fadian,kfadian17@angelfire.com,500-307-5143
45,Gilberte,Grief,ggrief18@surveymonkey.com,561-929-0461
46,Larina,McCloy,lmccloy19@samsung.com,934-960-2174
47,Nerita,Gadney,ngadney1a@csmonitor.com,271-761-6299
48,Darbie,Leander,dleander1b@barnesandnoble.com,616-991-0990
49,Barry,D'Agostino,bdagostino1c@ihg.com,432-722-6508
50,Dukey,Braney,dbraney1d@edublogs.org,461-314-1899
51,Jasmina,Kehir,jkehir1e@nba.com,260-359-2612
52,Stephani,Elph,selph1f@yahoo.co.jp,383-641-4648
53,Joyann,Phillott,jphillott1g@amazon.co.jp,698-406-7689
54,Anatollo,Humphrys,ahumphrys1h@upenn.edu,403-242-4379
55,Ludovika,Fieldsend,lfieldsend1i@mozilla.com,610-416-1686
56,Rudy,Faier,rfaier1j@redcross.org,105-726-8490
57,Creight,Avramovitz,cavramovitz1k@myspace.com,871-562-8815
58,Karlis,Jarlmann,kjarlmann1l@columbia.edu,200-241-1532
59,Marshal,Di Franceshci,mdifranceshci1m@nyu.edu,775-720-7568
60,Powell,Kitcatt,pkitcatt1n@phpbb.com,585-209-1410
61,Claiborne,MacKenney,cmackenney1o@edublogs.org,628-177-4548
62,Elie,Luchelli,eluchelli1p@wikimedia.org,876-271-5315
63,Asa,D'Adamo,adadamo1q@bbc.co.uk,717-299-9681
64,Emmalee,Sporrij,esporrij1r@163.com,712-771-5974
65,Becca,Pickerin,bpickerin1s@homestead.com,664-418-2834
66,Gilberto,Locker,glocker1t@domainmarket.com,596-164-8142
67,Katine,Izat,kizat1u@hp.com,157-342-7367
68,Rockwell,Gillebert,rgillebert1v@wsj.com,253-393-7259
69,Brinna,Waumsley,bwaumsley1w@dailymotion.com,770-392-5500
70,Clare,Anstis,canstis1x@buzzfeed.com,129-851-0950
71,Roselle,Shilvock,rshilvock1y@homestead.com,560-607-7548
72,Christie,Hawthorn,chawthorn1z@tamu.edu,378-409-4963
73,Marylynne,Tugman,mtugman20@thetimes.co.uk,198-287-7063
74,Billi,Birch,bbirch21@amazon.de,300-849-4216
75,Sarita,Archley,sarchley22@altervista.org,401-358-7666
76,Kassia,Gumery,kgumery23@yandex.ru,874-374-4634
77,Sharla,Amoore,samoore24@bbb.org,233-191-8200
78,Tammie,Demke,tdemke25@nytimes.com,381-562-3891
79,Addie,Bartels-Ellis,abartelsellis26@wikimedia.org,975-642-1468
80,Jane,Lathwell,jlathwell27@smh.com.au,496-306-8808
81,Winna,Hilling,whilling28@sourceforge.net,629-774-0598
82,Roderick,Grouse,rgrouse29@eventbrite.com,810-850-8035
83,Wallace,Burgill,wburgill2a@homestead.com,486-334-0396
84,Rickie,Willford,rwillford2b@amazon.co.jp,587-917-1889
85,Ortensia,Schwerin,oschwerin2c@booking.com,377-489-5596
86,Olympe,Challener,ochallener2d@narod.ru,470-930-9210
87,Sayer,Stanford,sstanford2e@shutterfly.com,580-648-3262
88,Zelda,Bambury,zbambury2f@artisteer.com,269-537-2772
89,Fielding,Wingar,fwingar2g@china.com.cn,514-147-0522
90,Audie,Lee,alee2h@businessinsider.com,788-743-4875
91,Sarah,Bartram,sbartram2i@wufoo.com,283-428-6779
92,Florian,Whitten,fwhitten2j@engadget.com,753-429-7496
93,Jozef,Bratch,jbratch2k@constantcontact.com,886-669-4099
94,Manfred,Coult,mcoult2l@europa.eu,333-114-3413
95,Lisetta,Beals,lbeals2m@booking.com,423-912-9410
96,Gabbie,Van Hault,gvanhault2n@jugem.jp,367-794-3005
97,Dahlia,Sandilands,dsandilands2o@digg.com,439-745-8365
98,Else,Devitt,edevitt2p@utexas.edu,119-478-0749
99,Tedie,Cornewell,tcornewell2q@blogspot.com,846-130-8096
100,Burl,Seargeant,bseargeant2r@mozilla.org,158-552-1553
101,Brinn,Chesterton,bchesterton2s@china.com.cn,291-728-9105
102,Petronilla,Ballefant,pballefant2t@msu.edu,162-669-8758
103,Jeniece,Longfoot,jlongfoot2u@un.org,454-376-2721
104,Martie,Nolin,mnolin2v@sina.com.cn,185-140-9699
105,Derril,Penfold,dpenfold2w@creativecommons.org,448-255-5000
106,Doy,Hansard,dhansard2x@yahoo.co.jp,788-324-0133
107,Karmen,Presdee,kpresdee2y@go.com,890-684-8775
108,Edwin,Giannassi,egiannassi2z@salon.com,797-211-7584
109,Talbot,Fields,tfields30@google.com.hk,216-989-2388
110,Daron,Newlands,dnewlands31@histats.com,793-196-2206
111,Beatriz,Murray,bmurray32@livejournal.com,502-125-5242
112,Karl,Leechman,kleechman33@cbc.ca,788-892-5414
113,Hazlett,Melloy,hmelloy34@shareasale.com,410-465-1121
114,Marleen,Peace,mpeace35@plala.or.jp,449-245-2665
115,Merci,Corstan,mcorstan36@desdev.cn,780-974-4119
116,Kristyn,Minguet,kminguet37@github.io,182-630-6513
117,Suzy,Abbay,sabbay38@networkadvertising.org,709-902-1790
118,Jocko,Tipling,jtipling39@etsy.com,784-336-6847
119,Yorgo,Springthorp,yspringthorp3a@weibo.com,374-755-0911
120,Harbert,Surby,hsurby3b@uiuc.edu,666-328-7911
121,Silva,Morcomb,smorcomb3c@homestead.com,978-272-4359
122,Tallulah,Romer,tromer3d@xrea.com,822-588-8994
123,Wilburt,Ogborn,wogborn3e@sakura.ne.jp,911-524-7829
124,Antonino,Furbank,afurbank3f@wikispaces.com,223-777-5590
125,Fanny,Bemrose,fbemrose3g@cnn.com,219-540-2741
126,Alexandros,Maudsley,amaudsley3h@cam.ac.uk,267-202-4755
127,Ardenia,Ayllett,aayllett3i@techcrunch.com,296-421-3950
128,Thaine,Smaridge,tsmaridge3j@oaic.gov.au,110-684-3280
129,Gusella,Guild,gguild3k@google.pl,819-208-5188
130,Thom,Crocombe,tcrocombe3l@uiuc.edu,715-311-6317
131,Marietta,Webb,mwebb3m@economist.com,120-715-5872
132,Clayborne,Feaveer,cfeaveer3n@go.com,535-126-8679
133,Sonia,O'Fihillie,sofihillie3o@creativecommons.org,580-511-5917
134,Keefer,Oneile,koneile3p@devhub.com,913-989-3768
135,Marylinda,Pigram,mpigram3q@youku.com,502-180-5587
136,Sigismund,Aldritt,saldritt3r@virginia.edu,682-640-3371
137,Padget,Russi,prussi3s@mashable.com,690-275-1115
138,Dag,Bakhrushin,dbakhrushin3t@jimdo.com,539-576-7003
139,Danila,O' Ronan,doronan3u@ft.com,404-788-0433
140,Hagen,Anersen,hanersen3v@hibu.com,274-713-8394
141,Noach,Marchelli,nmarchelli3w@shop-pro.jp,776-757-5106
142,Carmelia,Tamblingson,ctamblingson3x@yahoo.com,920-445-0992
143,Giselbert,Antowski,gantowski3y@dedecms.com,685-188-4314
144,Ebenezer,Brewood,ebrewood3z@yahoo.co.jp,894-709-3057
145,Millisent,Ameer-Beg,mameerbeg40@house.gov,858-969-6013
146,Gael,Lidgey,glidgey41@psu.edu,177-675-0163
147,Donaugh,Evelyn,develyn42@pbs.org,150-772-6035
148,Audra,Baitman,abaitman43@blogs.com,818-304-9025
149,Tobiah,Salomon,tsalomon44@google.nl,872-351-1219
150,Avivah,Darling,adarling45@people.com.cn,690-728-5994
151,Holly,Gauden,hgauden46@mysql.com,744-650-9671
152,Mahmoud,Dary,mdary47@nifty.com,170-962-7031
153,Griffith,Innis,ginnis48@opensource.org,263-682-6455
154,Butch,Gunthorpe,bgunthorpe49@pinterest.com,754-900-0633
155,Goldarina,Burgum,gburgum4a@lulu.com,928-485-9124
156,Shay,Hoy,shoy4b@unicef.org,196-584-4698
157,Devland,Doles,ddoles4c@goo.gl,105-182-6878
158,Kippie,Wolfendell,kwolfendell4d@multiply.com,356-614-9125
159,Shurlock,Padrick,spadrick4e@nasa.gov,828-836-9731
160,Emile,Fitzsymonds,efitzsymonds4f@walmart.com,167-555-6790
161,Glenden,Ortler,gortler4g@delicious.com,835-487-1867
162,Tate,Garrish,tgarrish4h@soundcloud.com,312-751-0882
163,Amandie,Claw,aclaw4i@pbs.org,873-575-8533
164,Wade,Di Lucia,wdilucia4j@linkedin.com,560-503-2502
165,Dione,Woollacott,dwoollacott4k@aboutads.info,845-528-1644
166,Reiko,Cattini,rcattini4l@miibeian.gov.cn,287-250-9855
167,Cristi,Kores,ckores4m@sbwire.com,246-546-0182
168,Ysabel,Rothschild,yrothschild4n@intel.com,771-238-6054
169,Alfy,Shemmin,ashemmin4o@tripadvisor.com,409-307-3354
170,Ardenia,Tullot,atullot4p@oaic.gov.au,728-384-9164
171,Bail,Siggens,bsiggens4q@dagondesign.com,314-478-8995
172,Flore,Bellsham,fbellsham4r@geocities.jp,981-363-1300
173,Kathryn,Proudley,kproudley4s@bloomberg.com,576-215-0515
174,Samuele,Rollin,srollin4t@blogspot.com,949-102-6564
175,Gorden,Saller,gsaller4u@hexun.com,888-153-0051
176,Rose,Gliddon,rgliddon4v@amazon.de,508-533-5430
177,Jeremias,Scothron,jscothron4w@drupal.org,250-272-5304
178,Florri,Struan,fstruan4x@nsw.gov.au,168-817-0066
179,Augusta,Pieterick,apieterick4y@cargocollective.com,373-260-1951
180,Elbertine,Godman,egodman4z@domainmarket.com,417-800-0200
181,Mira,Bolzen,mbolzen50@drupal.org,727-878-3993
182,Connor,Lomansey,clomansey51@unesco.org,824-773-2271
183,Anatollo,Guilleton,aguilleton52@google.ca,294-700-4481
184,Cass,Grzelczak,cgrzelczak53@list-manage.com,899-722-9788
185,Louie,Lampl,llampl54@scientificamerican.com,860-806-5031
186,Armando,Rockliffe,arockliffe55@sohu.com,399-772-0686
187,Kerby,Muehle,kmuehle56@reuters.com,161-531-3795
188,Margot,Casterton,mcasterton57@hp.com,289-731-3580
189,Haydon,Vanyashkin,hvanyashkin58@mit.edu,491-307-6791
190,Dani,Skelcher,dskelcher59@360.cn,758-394-4542
191,Sidnee,Eade,seade5a@washingtonpost.com,522-100-5717
192,Beltran,Timeby,btimeby5b@whitehouse.gov,112-317-8407
193,Carma,Tappington,ctappington5c@wordpress.org,636-295-6739
194,Graig,Sabey,gsabey5d@squidoo.com,677-195-4966
195,Agnola,Dumbrell,adumbrell5e@apache.org,778-886-5748
196,Brnaby,Dolligon,bdolligon5f@telegraph.co.uk,506-210-5856
197,Rozamond,Bedminster,rbedminster5g@nydailynews.com,462-707-7701
198,Maia,Harnott,mharnott5h@slashdot.org,956-964-3851
199,Tersina,Quernel,tquernel5i@e-recht24.de,363-632-4029
200,Missie,Duxfield,mduxfield5j@biglobe.ne.jp,332-528-3210
201,Michell,Freschini,mfreschini5k@liveinternet.ru,466-607-8769
202,Silvanus,Snowding,ssnowding5l@japanpost.jp,513-453-7295
203,Birgit,MacMaykin,bmacmaykin5m@china.com.cn,339-308-5384
204,Dixie,Levensky,dlevensky5n@businesswire.com,579-106-2159
205,Sharia,Winspire,swinspire5o@4shared.com,828-370-7814
206,Fara,Oxenford,foxenford5p@mozilla.org,244-476-0418
207,Starlene,Andrys,sandrys5q@artisteer.com,639-318-7906
208,Caty,Andrick,candrick5r@symantec.com,570-213-4097
209,Jeannine,Baltzar,jbaltzar5s@upenn.edu,409-318-9291
210,Gabriello,Week,gweek5t@stanford.edu,958-255-4279
211,Bette-ann,Lanfranchi,blanfranchi5u@vistaprint.com,643-613-1058
212,Shalom,Keyme,skeyme5v@cbc.ca,552-886-9254
213,Cherlyn,Pollak,cpollak5w@google.com.au,671-439-0767
214,Curt,Prandini,cprandini5x@baidu.com,419-382-8066
215,Ninetta,Barock,nbarock5y@webnode.com,507-326-0383
216,Ker,Cradock,kcradock5z@phoca.cz,265-305-8660
217,Vernen,Medcraft,vmedcraft60@wikispaces.com,947-719-2043
218,Garrott,Golt,ggolt61@drupal.org,525-239-0419
219,Jayson,Trowler,jtrowler62@squarespace.com,809-595-5487
220,Donnell,Critcher,dcritcher63@about.me,622-247-6873
221,Karlens,Goneau,kgoneau64@eepurl.com,794-755-1050
222,Miran,Simioli,msimioli65@sphinn.com,879-980-8849
223,Georgine,Stephenson,gstephenson66@earthlink.net,384-828-6413
224,Wait,Lindback,wlindback67@nba.com,432-162-4687
225,Alfi,Dymick,adymick68@addtoany.com,603-896-2852
226,Rees,Pervoe,rpervoe69@g.co,865-981-1143
227,Almire,Gonnelly,agonnelly6a@alexa.com,684-279-0667
228,Wittie,Besant,wbesant6b@timesonline.co.uk,764-200-6784
229,Nannette,House,nhouse6c@cbc.ca,244-363-5543
230,Kaitlin,Chainey,kchainey6d@domainmarket.com,246-834-6147
231,Christie,Corbridge,ccorbridge6e@livejournal.com,886-991-9740
232,Weston,Barrowclough,wbarrowclough6f@census.gov,779-826-5627
233,Timmie,Peller,tpeller6g@dell.com,529-207-8910
234,Mort,Gecks,mgecks6h@amazon.de,355-340-1168
235,Lark,Jeyness,ljeyness6i@jiathis.com,675-208-0670
236,Dulcy,Hugueville,dhugueville6j@goo.gl,896-967-1664
237,Deck,Eckersley,deckersley6k@utexas.edu,202-319-2777
238,Ginni,Dunthorn,gdunthorn6l@go.com,474-968-7258
239,Jessalyn,Calf,jcalf6m@amazon.de,830-266-2560
240,Rori,Simeon,rsimeon6n@amazon.de,209-707-6852
241,Flossie,Banham,fbanham6o@columbia.edu,483-932-7716
242,Silvano,Bellard,sbellard6p@cdbaby.com,498-416-3922
243,Boothe,Leivers,bleivers6q@alexa.com,814-984-5445
244,Gibb,Viger,gviger6r@istockphoto.com,815-908-6291
245,Lorant,Sitch,lsitch6s@cam.ac.uk,458-534-0557
246,Dian,Esparza,desparza6t@ucsd.edu,327-954-4248
247,Ardelis,Drover,adrover6u@army.mil,685-293-7872
248,Silvio,Sagar,ssagar6v@ebay.com,967-580-1423
249,Zebulen,Shingfield,zshingfield6w@elegantthemes.com,837-913-0856
250,Massimo,Kembrey,mkembrey6x@google.co.uk,388-520-0464
251,Brook,Karchowski,bkarchowski6y@nasa.gov,551-874-0188
252,Amelie,Pettwood,apettwood6z@ifeng.com,118-644-8553
253,Agosto,Burnsides,aburnsides70@amazonaws.com,526-556-9261
254,Tommy,Laffan,tlaffan71@patch.com,432-980-3780
255,Georgy,Rockhill,grockhill72@yelp.com,329-952-7900
256,Jehanna,Eaglesham,jeaglesham73@e-recht24.de,791-873-7567
257,Marcellina,Trevethan,mtrevethan74@bluehost.com,361-518-2956
258,Tarrance,Yurukhin,tyurukhin75@simplemachines.org,106-927-6755
259,Wallie,Isham,wisham76@hp.com,622-798-7384
260,Siana,McGeorge,smcgeorge77@shop-pro.jp,639-378-2681
261,Cherilyn,O'Roan,coroan78@cornell.edu,989-218-5256
262,Devlin,Coulling,dcoulling79@com.com,969-834-4132
263,Ciel,Cardero,ccardero7a@acquirethisname.com,446-976-2270
264,Siouxie,Petel,spetel7b@ycombinator.com,410-956-7952
265,Luca,Duffil,lduffil7c@quantcast.com,774-746-5561
266,Henrik,Rubinowitsch,hrubinowitsch7d@reuters.com,460-171-4575
267,Maxim,Jeens,mjeens7e@51.la,496-152-5071
268,Kiri,Lorentzen,klorentzen7f@cbc.ca,339-109-1365
269,Elnore,Pizzey,epizzey7g@cpanel.net,527-469-0704
270,Zea,Parmby,zparmby7h@mozilla.com,659-939-7377
271,Finn,Kenafaque,fkenafaque7i@networkadvertising.org,247-820-0723
272,Rori,Fairchild,rfairchild7j@huffingtonpost.com,697-182-9217
273,Darill,Nicholes,dnicholes7k@wufoo.com,665-478-1467
274,Tedmund,Leborgne,tleborgne7l@squidoo.com,814-809-9474
275,Deirdre,Currer,dcurrer7m@woothemes.com,914-341-9940
276,Axel,Swabey,aswabey7n@upenn.edu,398-812-5231
277,Kial,Yeardley,kyeardley7o@pen.io,108-915-4774
278,Jania,Yabsley,jyabsley7p@scientificamerican.com,786-107-5436
279,Wallas,Kuhnke,wkuhnke7q@bloglovin.com,643-287-4387
280,Patsy,Seatter,pseatter7r@sogou.com,625-332-8870
281,Gradeigh,Isenor,gisenor7s@dmoz.org,193-375-6599
282,Haydon,Paylor,hpaylor7t@trellian.com,669-387-8434
283,Richy,Murrish,rmurrish7u@angelfire.com,590-559-6657
284,Ewen,Gianotti,egianotti7v@ovh.net,310-185-7779
285,Even,Jaquet,ejaquet7w@e-recht24.de,473-216-8374
286,Jerrie,Broseke,jbroseke7x@boston.com,727-835-2061
287,Bronnie,Liverock,bliverock7y@google.co.uk,685-175-0237
288,Brenda,Baudain,bbaudain7z@nymag.com,722-241-8464
289,Leo,Grigolon,lgrigolon80@harvard.edu,700-657-2146
290,Buddie,Hambrick,bhambrick81@google.co.jp,758-560-5513
291,Bettina,Kettlesing,bkettlesing82@latimes.com,950-334-0911
292,Amanda,Trownson,atrownson83@webmd.com,961-357-4649
293,Godart,Polding,gpolding84@google.com,470-710-4978
294,Herb,Abramzon,habramzon85@ox.ac.uk,123-465-1055
295,Melitta,Okenden,mokenden86@dedecms.com,183-624-6990
296,Agnella,Grimme,agrimme87@nifty.com,828-891-4550
297,Madelaine,Erasmus,merasmus88@clickbank.net,593-754-9821
298,Jelene,Karys,jkarys89@so-net.ne.jp,238-431-8446
299,Heindrick,Robshaw,hrobshaw8a@slate.com,671-232-9597
300,Wald,Vertey,wvertey8b@phoca.cz,699-399-3094
301,Dennie,Oiller,doiller8c@forbes.com,879-876-4400
302,Armand,Rossey,arossey8d@virginia.edu,683-982-2055
303,Howie,O'Corrin,hocorrin8e@wikia.com,395-355-8721
304,Valera,Beedom,vbeedom8f@dmoz.org,406-663-6479
305,Paige,Monk,pmonk8g@ft.com,963-182-0042
306,L;urette,Leivers,lleivers8h@uiuc.edu,306-899-9726
307,Barri,Dreng,bdreng8i@forbes.com,926-791-9624
308,Isabel,Quinsee,iquinsee8j@bravesites.com,748-606-8627
309,Adelaida,Collin,acollin8k@nyu.edu,835-503-9408
310,Minne,Mackerness,mmackerness8l@cloudflare.com,188-511-0834
311,Sondra,Scobbie,sscobbie8m@acquirethisname.com,553-709-6760
312,Orren,Rhodef,orhodef8n@goo.ne.jp,989-280-4636
313,Adrien,Siuda,asiuda8o@gravatar.com,270-379-0779
314,Malissa,Le Merchant,mlemerchant8p@networkadvertising.org,867-992-1090
315,Minor,Cullrford,mcullrford8q@mail.ru,686-735-2477
316,Miran,Skells,mskells8r@plala.or.jp,997-447-5393
317,Risa,Creedland,rcreedland8s@a8.net,864-434-7287
318,Barr,Fenemore,bfenemore8t@joomla.org,693-177-1924
319,Joya,Goulter,jgoulter8u@google.com.au,273-846-1251
320,Westleigh,Goldring,wgoldring8v@blogspot.com,931-433-7796
321,Barclay,Coch,bcoch8w@exblog.jp,308-172-7951
322,Norbert,Bromhead,nbromhead8x@ifeng.com,170-332-7333
323,Henri,Dommerque,hdommerque8y@wordpress.org,467-550-6806
324,Madelina,Cuttin,mcuttin8z@prnewswire.com,333-240-5656
325,Marcel,Luke,mluke90@tinyurl.com,400-453-6163
326,Shandra,McColgan,smccolgan91@home.pl,641-357-4999
327,Maximilien,Boneham,mboneham92@dion.ne.jp,848-146-6793
328,Sela,Dallinder,sdallinder93@weebly.com,130-131-7490
329,Fanny,Robertis,frobertis94@skyrock.com,918-763-5610
330,Bernie,Strowthers,bstrowthers95@mozilla.com,119-591-3069
331,Ezekiel,Levine,elevine96@ca.gov,206-592-6754
332,Merry,Allingham,mallingham97@bloomberg.com,831-594-1985
333,Coleen,Ambroisin,cambroisin98@globo.com,851-713-8521
334,Faber,Brumpton,fbrumpton99@shareasale.com,581-900-3345
335,Derk,Saill,dsaill9a@bloglines.com,735-514-2046
336,Costa,Khidr,ckhidr9b@nsw.gov.au,908-445-1869
337,Rosa,Swatridge,rswatridge9c@ycombinator.com,656-775-6167
338,Thorndike,Choldcroft,tcholdcroft9d@diigo.com,742-561-1879
339,Dona,Attack,dattack9e@auda.org.au,480-207-5811
340,Karoline,Janning,kjanning9f@squidoo.com,286-717-3555
341,Ade,Boothby,aboothby9g@ihg.com,916-980-3081
342,Ali,Cagan,acagan9h@cnbc.com,856-893-2319
343,Ced,Booth-Jarvis,cboothjarvis9i@reuters.com,427-566-2782
344,Erina,Hainge,ehainge9j@jimdo.com,688-492-1290
345,Hilliard,Bulpitt,hbulpitt9k@gizmodo.com,968-880-2253
346,Peder,Klulisek,pklulisek9l@wikia.com,478-812-2822
347,Hadley,Pearcy,hpearcy9m@rambler.ru,999-428-8454
348,Tye,Vogeler,tvogeler9n@imdb.com,777-565-1514
349,Dannel,Snozzwell,dsnozzwell9o@globo.com,301-523-3371
350,Celesta,Stellin,cstellin9p@msn.com,519-873-3128
351,Reynold,Belk,rbelk9q@google.pl,259-778-7553
352,Seward,Jakovijevic,sjakovijevic9r@tamu.edu,456-389-8243
353,Emmeline,Reyne,ereyne9s@abc.net.au,580-168-4548
354,Margareta,Boniface,mboniface9t@networkadvertising.org,799-820-4605
355,Melvyn,Borles,mborles9u@ask.com,401-469-4200
356,Thibaud,Very,tvery9v@baidu.com,911-445-2761
357,Marcellus,De Blasi,mdeblasi9w@google.fr,117-646-6475
358,Melisande,Corhard,mcorhard9x@blogspot.com,576-539-0395
359,Ev,Streeting,estreeting9y@intel.com,421-346-0719
360,Vita,Wellum,vwellum9z@icio.us,651-180-2791
361,Nomi,Crix,ncrixa0@opensource.org,969-696-6711
362,Carla,Richens,crichensa1@vimeo.com,310-653-1799
363,Elvina,Cosins,ecosinsa2@facebook.com,452-383-8251
364,Harbert,Mably,hmablya3@lycos.com,951-269-8179
365,Saree,Toe,stoea4@macromedia.com,164-635-3116
366,Nikita,Jankin,njankina5@theguardian.com,649-180-7090
367,Gabie,Thorneley,gthorneleya6@drupal.org,195-816-2765
368,Madalena,Attle,mattlea7@miitbeian.gov.cn,511-912-0061
369,Judie,Casolla,jcasollaa8@ehow.com,925-352-3551
370,Gordan,MacLardie,gmaclardiea9@liveinternet.ru,538-350-6231
371,Genni,Windrass,gwindrassaa@apache.org,824-558-3159
372,Kelsi,Gosnall,kgosnallab@cpanel.net,222-992-2554
373,Nickie,Marvel,nmarvelac@chicagotribune.com,187-965-2868
374,Chandal,Krystek,ckrystekad@google.co.jp,336-981-7762
375,Johnnie,Rickersey,jrickerseyae@goo.gl,540-740-7332
376,Pierce,Borrott,pborrottaf@1und1.de,555-636-3269
377,Fanni,Riley,frileyag@goo.ne.jp,571-730-2319
378,Giuditta,Grigore,ggrigoreah@google.co.jp,977-762-7430
379,Clarance,Harroll,charrollai@twitter.com,527-429-5267
380,Anderson,Anniwell,aanniwellaj@histats.com,657-134-6659
381,Brit,Peeke,bpeekeak@japanpost.jp,624-759-4848
382,Arnold,Hackford,ahackfordal@is.gd,144-496-3611
383,Casar,Keatley,ckeatleyam@google.co.jp,406-772-2958
384,Hoyt,Drewson,hdrewsonan@amazon.co.uk,501-664-3097
385,Marketa,Flippen,mflippenao@sphinn.com,334-817-1795
386,Arlee,Cops,acopsap@time.com,562-163-2755
387,Frasquito,Bennis,fbennisaq@dailymotion.com,253-602-8847
388,Corbie,Fudge,cfudgear@mediafire.com,395-599-5892
389,Odey,Verecker,overeckeras@discuz.net,935-884-1785
390,Aldous,Monro,amonroat@slate.com,816-709-4448
391,Alec,Edgecombe,aedgecombeau@netscape.com,814-551-5556
392,Jeana,Hadkins,jhadkinsav@ocn.ne.jp,529-404-4664
393,Fairlie,Demaine,fdemaineaw@gmpg.org,290-640-6700
394,Madison,Shelper,mshelperax@craigslist.org,203-621-9483
395,Lindsay,Zecchini,lzecchiniay@bandcamp.com,360-664-5213
396,Rutter,Miebes,rmiebesaz@geocities.jp,644-821-2079
397,Millicent,Amori,mamorib0@g.co,443-124-7484
398,Rachelle,Rate,rrateb1@instagram.com,488-481-3135
399,Gilburt,Danaher,gdanaherb2@usnews.com,951-476-1892
400,Minda,Scouse,mscouseb3@marketwatch.com,859-719-0163
401,Karlik,Worsell,kworsellb4@jimdo.com,497-712-7193
402,Bearnard,Saylor,bsaylorb5@google.cn,266-386-1551
403,Sandra,Fitzsymonds,sfitzsymondsb6@woothemes.com,555-486-2794
404,Tani,Verner,tvernerb7@ameblo.jp,757-223-2787
405,Clementina,Cocks,ccocksb8@ezinearticles.com,427-703-5514
406,Gregor,Chaplyn,gchaplynb9@pcworld.com,944-470-0822
407,Kathryne,Crumby,kcrumbyba@nyu.edu,654-781-0724
408,Augustin,Valentine,avalentinebb@uol.com.br,231-508-9796
409,Linnet,Weetch,lweetchbc@1und1.de,518-364-7483
410,Lenci,Reide,lreidebd@blogs.com,365-924-5554
411,Suzy,Balducci,sbalduccibe@imageshack.us,671-249-3050
412,Andeee,Gligoraci,agligoracibf@biglobe.ne.jp,161-704-5839
413,Robin,Bebb,rbebbbg@hubpages.com,908-590-8543
414,Brodie,Meddick,bmeddickbh@geocities.jp,830-739-9175
415,Boote,Haskur,bhaskurbi@tumblr.com,347-886-7513
416,Liam,Boddie,lboddiebj@about.com,807-834-3482
417,Raquel,Wear,rwearbk@digg.com,950-832-1398
418,Terrill,Tetther,ttettherbl@patch.com,377-928-0694
419,Jacquenette,Hexham,jhexhambm@nymag.com,858-105-1557
420,Judd,Hammerton,jhammertonbn@youtube.com,850-723-6200
421,Adelind,Andrusyak,aandrusyakbo@wunderground.com,422-673-5731
422,Riane,Maytum,rmaytumbp@tuttocitta.it,977-244-5585
423,Shayla,Carlton,scarltonbq@about.com,600-306-1011
424,Nealy,Greenly,ngreenlybr@eventbrite.com,157-675-0242
425,Riley,Alberts,ralbertsbs@salon.com,301-571-1929
426,Eran,Gell,egellbt@mozilla.org,365-399-8557
427,Pet,Muxworthy,pmuxworthybu@netlog.com,642-355-6180
428,Marcia,Langran,mlangranbv@chicagotribune.com,110-733-9515
429,Ellwood,Ellacombe,eellacombebw@huffingtonpost.com,939-199-9260
430,Arron,Derr,aderrbx@jiathis.com,384-140-1824
431,Webb,McCarrell,wmccarrellby@google.nl,630-705-0474
432,Meir,Deane,mdeanebz@twitter.com,654-136-4055
433,Alaine,Beebis,abeebisc0@cargocollective.com,900-607-9685
434,Mortie,End,mendc1@europa.eu,592-514-6392
435,Tamarah,Danniel,tdannielc2@sciencedirect.com,223-402-4403
436,Kristopher,Alflat,kalflatc3@cargocollective.com,764-189-8028
437,Jo-ann,Wesley,jwesleyc4@xinhuanet.com,817-345-3980
438,Tudor,Mangenet,tmangenetc5@gnu.org,935-479-3049
439,Carena,Last,clastc6@purevolume.com,576-296-1976
440,Javier,Feighry,jfeighryc7@purevolume.com,458-838-0369
441,Mufi,Grumley,mgrumleyc8@cpanel.net,784-377-5389
442,Cathryn,Sterman,cstermanc9@hugedomains.com,922-764-7417
443,Lester,McSkin,lmcskinca@addthis.com,527-313-9189
444,Kane,Rao,kraocb@jalbum.net,910-184-8753
445,Annadiana,Whitington,awhitingtoncc@ft.com,187-914-2292
446,Patricio,Zuppa,pzuppacd@usnews.com,387-627-8976
447,Barrett,Caudrey,bcaudreyce@so-net.ne.jp,498-150-6169
448,Shae,Garahan,sgarahancf@acquirethisname.com,446-737-5079
449,Reggie,Gullivan,rgullivancg@independent.co.uk,710-719-7336
450,Madonna,Petchey,mpetcheych@booking.com,415-835-4042
451,Elaina,Linsey,elinseyci@thetimes.co.uk,764-539-2111
452,Cull,Neylan,cneylancj@usgs.gov,558-248-1629
453,Winnah,Gowanson,wgowansonck@storify.com,518-115-7176
454,Daveta,Cockshoot,dcockshootcl@squidoo.com,915-267-0347
455,Lowrance,Deluce,ldelucecm@ted.com,608-732-4749
456,Anderson,Killiner,akillinercn@wisc.edu,789-214-7660
457,Basilius,Fearn,bfearnco@answers.com,505-135-2972
458,Jaynell,Catcheside,jcatchesidecp@mediafire.com,876-431-4501
459,Rea,Myles,rmylescq@indiatimes.com,449-100-1389
460,Ahmad,Climance,aclimancecr@arizona.edu,968-379-5639
461,Ludovico,Deboy,ldeboycs@exblog.jp,659-571-8672
462,Bern,Pelfer,bpelferct@miitbeian.gov.cn,888-581-9608
463,Gennifer,Stockey,gstockeycu@imageshack.us,809-880-3242
464,Byron,Onele,bonelecv@paypal.com,129-648-3943
465,Wylie,Moyse,wmoysecw@naver.com,717-732-0970
466,Demetris,Antonovic,dantonoviccx@rediff.com,501-184-5706
467,Coral,Pleuman,cpleumancy@lulu.com,270-365-7252
468,Odille,Sisley,osisleycz@earthlink.net,971-714-0921
469,Zebadiah,Koppke,zkoppked0@jiathis.com,290-460-4328
470,Riki,Mc Dermid,rmcdermidd1@java.com,307-613-7100
471,Lemmie,Jordine,ljordined2@g.co,335-850-4754
472,Corissa,Craigmyle,ccraigmyled3@mozilla.com,117-962-0257
473,Roselin,Mityukov,rmityukovd4@examiner.com,816-622-7649
474,Deloris,Toffoletto,dtoffolettod5@flavors.me,788-895-3677
475,Lucy,Roskam,lroskamd6@exblog.jp,982-740-4514
476,Abbey,Audiss,aaudissd7@ox.ac.uk,628-136-7142
477,Mauricio,Tudor,mtudord8@netvibes.com,996-767-9941
478,Chad,Marshman,cmarshmand9@gnu.org,392-407-0192
479,Aubrette,Cheng,achengda@toplist.cz,993-419-4819
480,Hilary,Coda,hcodadb@webmd.com,656-201-1798
481,Kassi,Sutton,ksuttondc@istockphoto.com,680-592-0086
482,Salomon,Gutsell,sgutselldd@jigsy.com,223-319-8540
483,Giraldo,Roizin,groizinde@who.int,796-382-3668
484,Fernando,Menis,fmenisdf@drupal.org,545-108-3367
485,Somerset,McNea,smcneadg@yelp.com,344-461-8873
486,Juditha,Addie,jaddiedh@marriott.com,705-211-1890
487,Bernie,Tomasoni,btomasonidi@ustream.tv,212-539-3504
488,Chrissie,Vanin,cvanindj@tiny.cc,929-832-8009
489,Verena,Grimsell,vgrimselldk@homestead.com,795-124-5306
490,Ursola,Andreu,uandreudl@chron.com,436-753-3408
491,Martguerita,Baroc,mbarocdm@statcounter.com,864-973-6501
492,Joey,Lackington,jlackingtondn@ucla.edu,230-458-4406
493,Pansy,Sewart,psewartdo@last.fm,844-934-4027
494,Kyle,Neiland,kneilanddp@craigslist.org,594-334-9998
495,Janis,Pitcher,jpitcherdq@usgs.gov,479-157-5276
496,Agathe,Leaning,aleaningdr@msu.edu,256-912-0368
497,Jerald,Playfair,jplayfairds@answers.com,277-417-2389
498,Justino,Darville,jdarvilledt@fotki.com,418-550-6259
499,Lindy,Winser,lwinserdu@shareasale.com,832-222-2422
500,Emelita,Slesser,eslesserdv@mtv.com,344-931-9686
501,Rorke,Chicchelli,rchicchellidw@nationalgeographic.com,335-761-3378
502,Joann,Gelland,jgellanddx@jalbum.net,818-483-9829
503,Madalena,Weigh,mweighdy@blinklist.com,932-998-9942
504,Sampson,Nano,snanodz@istockphoto.com,889-334-3940
505,Jordon,Cardinal,jcardinale0@huffingtonpost.com,967-550-9116
506,Elvyn,Harman,eharmane1@people.com.cn,538-901-7917
507,Donal,Sworder,dswordere2@hhs.gov,297-338-0687
508,Constantia,Fishbie,cfishbiee3@xrea.com,980-105-9017
509,Darice,Flattman,dflattmane4@omniture.com,452-750-8233
510,Desi,Kirsopp,dkirsoppe5@mail.ru,550-476-2058
511,Adriano,Di Matteo,adimatteoe6@csmonitor.com,727-939-8277
512,Lari,Rable,lrablee7@ezinearticles.com,271-993-1403
513,Olly,Ellingford,oellingforde8@dropbox.com,224-881-3893
514,Philippa,Linklater,plinklatere9@soundcloud.com,754-349-5571
515,Nancee,Sains,nsainsea@alibaba.com,458-478-1625
516,Arel,Meadowcraft,ameadowcrafteb@rediff.com,771-528-8742
517,Westleigh,Mullins,wmullinsec@theglobeandmail.com,493-229-4139
518,Lee,Flux,lfluxed@live.com,388-504-8203
519,Edouard,Screaton,escreatonee@sogou.com,867-394-1902
520,Donaugh,Filipczak,dfilipczakef@joomla.org,548-243-8940
521,Wenonah,Lidbetter,wlidbettereg@craigslist.org,883-480-1485
522,Herold,Reeken,hreekeneh@java.com,465-597-3009
523,Andee,Minnis,aminnisei@reuters.com,604-366-7540
524,Sutton,Seals,ssealsej@springer.com,630-473-3697
525,Amerigo,Snoden,asnodenek@wiley.com,142-342-9521
526,Mollee,Klimschak,mklimschakel@delicious.com,841-959-0241
527,Elwyn,Arrighi,earrighiem@usnews.com,394-361-6167
528,Juditha,Townley,jtownleyen@state.gov,902-143-4926
529,Cirilo,Duddle,cduddleeo@unesco.org,120-997-4670
530,Timmi,Paulon,tpaulonep@google.es,585-986-7798
531,Yasmeen,Cossar,ycossareq@netscape.com,739-635-5242
532,Dante,Rumsey,drumseyer@tiny.cc,944-343-4396
533,Murdock,Rawsthorne,mrawsthornees@msu.edu,995-275-4611
534,Jesse,Cranna,jcrannaet@weebly.com,802-514-2141
535,Ulysses,Searle,usearleeu@weebly.com,485-904-9158
536,Halimeda,Decroix,hdecroixev@slideshare.net,429-297-6966
537,Anthony,Shapera,ashaperaew@blogger.com,252-282-0955
538,Gwenni,Willgoss,gwillgossex@networksolutions.com,844-979-6993
539,Filmore,Sergean,fsergeaney@taobao.com,279-143-4659
540,Amii,Halling,ahallingez@springer.com,455-206-9306
541,Terrye,Geraldi,tgeraldif0@buzzfeed.com,749-395-0601
542,Maddie,Selcraig,mselcraigf1@disqus.com,292-161-4956
543,Carlina,Percival,cpercivalf2@cloudflare.com,921-488-1607
544,Jilly,O'Lyhane,jolyhanef3@opensource.org,528-277-2549
545,Teresita,Catenot,tcatenotf4@dedecms.com,275-614-5449
546,Alard,Entissle,aentisslef5@hao123.com,247-793-7720
547,Rik,Cleynaert,rcleynaertf6@samsung.com,780-899-4479
548,Adan,Olyfat,aolyfatf7@marriott.com,300-971-9468
549,Aharon,Flanders,aflandersf8@state.gov,891-736-4161
550,Kendrick,Anthony,kanthonyf9@cbc.ca,614-478-4000
551,Aron,Mateo,amateofa@ustream.tv,781-693-2864
552,Georas,Urion,gurionfb@businessweek.com,201-734-6407
553,Hamnet,Kilgallen,hkilgallenfc@bbc.co.uk,497-943-1311
554,Mabel,Pendleton,mpendletonfd@imgur.com,239-692-6817
555,Gerrie,Sadler,gsadlerfe@gravatar.com,718-714-2243
556,Weber,Krinks,wkrinksff@e-recht24.de,113-387-4287
557,Mallory,O'Rourke,morourkefg@go.com,195-256-8285
558,Maryellen,Scraggs,mscraggsfh@domainmarket.com,442-331-9878
559,Meryl,Pietron,mpietronfi@google.de,797-823-4625
560,Gardiner,Putman,gputmanfj@sfgate.com,514-149-9726
561,Ethyl,Parrington,eparringtonfk@time.com,595-175-2405
562,Selig,Goves,sgovesfl@indiegogo.com,200-502-4917
563,Julianna,Deshorts,jdeshortsfm@discovery.com,781-648-8581
564,Kristen,Burkart,kburkartfn@wired.com,843-387-0382
565,Prentice,Jeynes,pjeynesfo@ftc.gov,112-893-1443
566,Tiphani,Dohms,tdohmsfp@nymag.com,341-174-8399
567,Devi,Orpyne,dorpynefq@mtv.com,985-878-2042
568,Dulcine,Shanks,dshanksfr@psu.edu,297-789-8559
569,Linc,Dignam,ldignamfs@elpais.com,529-286-3744
570,Leoline,Beacroft,lbeacroftft@ocn.ne.jp,714-415-1182
571,Gabbi,Jarrold,gjarroldfu@purevolume.com,672-160-6524
572,Dall,MacPherson,dmacphersonfv@yale.edu,454-312-5097
573,Janene,Halfhyde,jhalfhydefw@wikipedia.org,943-480-6550
574,Bobine,Goldthorp,bgoldthorpfx@salon.com,448-570-1568
575,Felipe,Bonick,fbonickfy@t-online.de,716-773-1217
576,Brian,Maffia,bmaffiafz@privacy.gov.au,965-973-3730
577,Breanne,Damiral,bdamiralg0@google.ca,822-299-9917
578,Enrica,Ormesher,eormesherg1@hhs.gov,825-863-3430
579,Fredrick,Yashunin,fyashuning2@abc.net.au,760-437-3038
580,Dillon,Dealtry,ddealtryg3@jimdo.com,785-981-8738
581,Bartel,Deathridge,bdeathridgeg4@ucsd.edu,525-772-7500
582,Erminie,Halsted,ehalstedg5@wix.com,278-408-8892
583,Ardene,Sabberton,asabbertong6@reuters.com,284-906-8703
584,Rogers,Jirzik,rjirzikg7@guardian.co.uk,505-989-8942
585,Ranique,Ratcliff,rratcliffg8@blogger.com,442-864-3987
586,Vicki,Droogan,vdroogang9@pinterest.com,715-214-4977
587,Wakefield,Zorer,wzorerga@google.de,208-902-7695
588,Cissy,Moresby,cmoresbygb@mashable.com,520-748-3494
589,Darn,Guinness,dguinnessgc@skype.com,854-675-9637
590,Pierette,Webb,pwebbgd@upenn.edu,360-691-6507
591,Shelby,Prate,spratege@icio.us,327-314-3945
592,Efrem,Bessett,ebessettgf@earthlink.net,479-247-9922
593,Harlan,Siveter,hsivetergg@whitehouse.gov,462-585-9795
594,Grove,Storrie,gstorriegh@drupal.org,335-763-1610
595,Viviana,Deere,vdeeregi@seesaa.net,155-406-5093
596,Ramonda,Spread,rspreadgj@tinyurl.com,211-765-8198
597,Marielle,Castellanos,mcastellanosgk@berkeley.edu,595-813-3277
598,Lorant,Disney,ldisneygl@mail.ru,231-703-8661
599,Wilmette,Preshaw,wpreshawgm@xing.com,486-798-3541
600,Ariadne,Archbould,aarchbouldgn@1und1.de,706-311-4420
601,Turner,Dytham,tdythamgo@yandex.ru,552-231-8541
602,Ali,Seakings,aseakingsgp@simplemachines.org,672-143-2026
603,Shamus,Ghidetti,sghidettigq@harvard.edu,323-244-1086
604,Justen,Murray,jmurraygr@cnn.com,355-572-6704
605,Martina,Reese,mreesegs@digg.com,656-919-7688
606,Christoffer,Riceards,criceardsgt@tuttocitta.it,671-100-7750
607,Jerrome,Carlo,jcarlogu@reuters.com,482-614-0995
608,Ruby,Saynor,rsaynorgv@weibo.com,696-528-3444
609,Eachelle,Mordon,emordongw@si.edu,500-248-8120
610,Duff,Rendell,drendellgx@goo.ne.jp,844-558-8747
611,Lilla,Holburn,lholburngy@moonfruit.com,188-430-5683
612,Idell,Lonnon,ilonnongz@wp.com,490-564-9845
613,Brade,Barday,bbardayh0@google.com.hk,376-265-8252
614,Wilfrid,Lebarree,wlebarreeh1@google.ru,360-164-3484
615,Marcille,Bouchier,mbouchierh2@microsoft.com,216-278-5632
616,Kenn,Clapison,kclapisonh3@engadget.com,731-656-0857
617,Alisha,Christensen,achristensenh4@imdb.com,225-100-6333
618,Linzy,Sayse,lsayseh5@who.int,464-494-3729
619,Luca,Hassett,lhassetth6@wordpress.com,710-357-9587
620,Bessy,O'Harney,boharneyh7@webeden.co.uk,403-804-2760
621,Brien,Minghetti,bminghettih8@blogtalkradio.com,119-345-6644
622,Lexis,Bowdidge,lbowdidgeh9@ehow.com,376-919-3520
623,Sarina,Barten,sbartenha@earthlink.net,748-151-3796
624,Bevon,Baudichon,bbaudichonhb@sciencedaily.com,202-517-5804
625,Jeannine,Bruckmann,jbruckmannhc@liveinternet.ru,421-670-8068
626,Rosana,Lelande,rlelandehd@ox.ac.uk,233-477-7145
627,Belle,Penhaleurack,bpenhaleurackhe@mozilla.org,547-444-8242
628,Cullen,Kenzie,ckenziehf@e-recht24.de,230-401-4583
629,Marje,Hiddersley,mhiddersleyhg@friendfeed.com,710-598-6670
630,Pacorro,Dannett,pdannetthh@cbsnews.com,336-165-3808
631,Lezlie,Marland,lmarlandhi@chronoengine.com,317-539-7216
632,Daune,Hobson,dhobsonhj@go.com,236-228-1559
633,Atalanta,Moralis,amoralishk@nyu.edu,101-742-9044
634,Christiana,Rippingale,crippingalehl@nsw.gov.au,106-560-8553
635,Jeni,Dearsley,jdearsleyhm@harvard.edu,243-108-2509
636,Gianina,Tedahl,gtedahlhn@npr.org,522-722-7489
637,Martie,Peeke,mpeekeho@livejournal.com,621-849-0325
638,Englebert,Glossup,eglossuphp@drupal.org,376-937-6753
639,Cherrita,Casacchia,ccasacchiahq@wired.com,284-605-6439
640,Stacey,Benedtti,sbenedttihr@so-net.ne.jp,174-554-0244
641,Rorke,Fearneley,rfearneleyhs@guardian.co.uk,507-226-8656
642,Raynard,Leggitt,rleggittht@4shared.com,438-717-6088
643,Amble,Willson,awillsonhu@livejournal.com,432-960-0526
644,Gavrielle,Bayfield,gbayfieldhv@baidu.com,190-213-8891
645,Romain,Terne,rternehw@si.edu,822-620-8312
646,Hendrik,Zelake,hzelakehx@histats.com,212-659-1453
647,Nani,Origin,noriginhy@joomla.org,123-128-2310
648,Damiano,Cromley,dcromleyhz@bloglovin.com,637-609-2099
649,Alyosha,Kenna,akennai0@flickr.com,922-769-9243
650,Shaw,Livick,slivicki1@t.co,202-689-7169
651,Nerissa,Guttridge,nguttridgei2@sourceforge.net,886-603-2677
652,Yancey,Houndesome,yhoundesomei3@mashable.com,953-225-8010
653,Ginnifer,MacCauley,gmaccauleyi4@vk.com,829-723-6699
654,Braden,Gatecliffe,bgatecliffei5@typepad.com,789-769-2176
655,Erl,Feldmus,efeldmusi6@reddit.com,910-604-2554
656,Lalo,Duchatel,lduchateli7@guardian.co.uk,942-710-2825
657,Elvis,Pietranek,epietraneki8@odnoklassniki.ru,456-702-6121
658,Lucais,Tabb,ltabbi9@imgur.com,700-830-9415
659,Fin,Whylie,fwhylieia@newyorker.com,511-838-1812
660,Lesya,Keepence,lkeepenceib@bloomberg.com,129-331-7479
661,Dewey,Shakespeare,dshakespeareic@hibu.com,311-785-6411
662,Whitby,Kunath,wkunathid@rakuten.co.jp,880-175-6753
663,Aurea,Sterling,asterlingie@sphinn.com,810-717-0562
664,Sher,Hallock,shallockif@sciencedirect.com,463-530-4128
665,Oren,Dignon,odignonig@alexa.com,187-943-6320
666,Aidan,Broadfield,abroadfieldih@deliciousdays.com,639-393-3367
667,Verne,Czajkowska,vczajkowskaii@histats.com,425-170-7763
668,Cale,Toombes,ctoombesij@lycos.com,759-811-7390
669,Franky,McGruar,fmcgruarik@vistaprint.com,878-342-2786
670,Willey,Wardroper,wwardroperil@sogou.com,818-290-8763
671,Freeland,Crysell,fcrysellim@walmart.com,644-343-9351
672,Nappy,Sember,nsemberin@diigo.com,562-373-9356
673,Jacobo,Fone,jfoneio@reference.com,257-141-7375
674,Torry,Finnes,tfinnesip@artisteer.com,928-901-8508
675,Marley,Spirritt,mspirrittiq@google.it,161-465-5903
676,Kippy,Olifard,kolifardir@rediff.com,199-610-1922
677,King,Gerardot,kgerardotis@washington.edu,495-592-1637
678,Bondon,Colloby,bcollobyit@youku.com,650-985-1999
679,Derron,Darleston,ddarlestoniu@amazon.co.jp,552-933-1859
680,Jordan,Straneo,jstraneoiv@artisteer.com,679-995-8847
681,Brittaney,Sowle,bsowleiw@addthis.com,817-195-1649
682,Aluin,Brace,abraceix@ehow.com,945-174-8498
683,Romeo,Batterham,rbatterhamiy@cdbaby.com,830-848-9202
684,Lorilyn,Plampeyn,lplampeyniz@studiopress.com,419-909-9224
685,Moishe,Jager,mjagerj0@theatlantic.com,478-187-5824
686,Kelli,McAlroy,kmcalroyj1@nasa.gov,266-687-8552
687,Joly,Wyman,jwymanj2@dyndns.org,819-283-7861
688,Robinia,Beadle,rbeadlej3@weebly.com,906-224-1531
689,Auberon,Pert,apertj4@blogs.com,643-462-6208
690,Moll,Hinkins,mhinkinsj5@adobe.com,615-636-4228
691,Daniel,But,dbutj6@meetup.com,869-116-5515
692,Rivkah,Wilcinskis,rwilcinskisj7@icq.com,897-920-8352
693,Aron,Tafani,atafanij8@arstechnica.com,989-637-4796
694,Gilemette,Rodden,groddenj9@vinaora.com,365-433-2986
695,Vikki,Filippov,vfilippovja@ed.gov,933-609-2227
696,Meyer,Cullinan,mcullinanjb@admin.ch,361-324-2273
697,Addy,De Ath,adeathjc@twitter.com,643-104-2607
698,Irwinn,Aukland,iauklandjd@live.com,140-189-2763
699,Romola,Lemonby,rlemonbyje@slashdot.org,755-337-2731
700,Ogden,Leveret,oleveretjf@hc360.com,321-759-7262
701,Perkin,Phair,pphairjg@harvard.edu,760-907-8144
702,Torin,Domke,tdomkejh@jiathis.com,350-487-7689
703,Merell,Crampin,mcrampinji@chronoengine.com,758-310-7218
704,Morie,Gilstin,mgilstinjj@artisteer.com,928-387-9254
705,Petr,Braithwait,pbraithwaitjk@cnn.com,747-101-8102
706,Bondy,Matteoni,bmatteonijl@elegantthemes.com,962-463-5334
707,Sarina,Edinburgh,sedinburghjm@facebook.com,788-769-5847
708,Cullie,McQuillan,cmcquillanjn@bloglines.com,537-422-0997
709,Gearard,Cowderoy,gcowderoyjo@mysql.com,811-639-3202
710,Melany,Pettegre,mpettegrejp@samsung.com,643-207-6511
711,Shurwood,Timlett,stimlettjq@qq.com,457-711-5330
712,Edvard,Lukianovich,elukianovichjr@creativecommons.org,623-266-0136
713,Lyndsay,Turville,lturvillejs@surveymonkey.com,756-834-0020
714,Denni,Shanks,dshanksjt@soundcloud.com,468-346-8629
715,Vallie,Cardello,vcardelloju@yahoo.com,432-184-4881
716,Daloris,Hutcheons,dhutcheonsjv@1688.com,897-683-5305
717,Tadeas,Thorp,tthorpjw@ebay.co.uk,217-456-3625
718,Yolane,Jennemann,yjennemannjx@ucoz.com,972-184-4547
719,Elena,Mattinson,emattinsonjy@myspace.com,320-539-3516
720,Hakim,MacInerney,hmacinerneyjz@springer.com,533-927-4927
721,Marie,Plumridge,mplumridgek0@is.gd,965-244-1367
722,Sheff,Bloys,sbloysk1@youku.com,205-607-5671
723,Mac,Offer,mofferk2@devhub.com,343-398-9100
724,Cullen,Starzaker,cstarzakerk3@amazon.de,281-103-8793
725,Jessalyn,Sorsby,jsorsbyk4@t.co,664-893-7049
726,Joe,Harvatt,jharvattk5@independent.co.uk,894-966-2759
727,Wyatan,Beaney,wbeaneyk6@list-manage.com,416-974-3348
728,Rhett,Oliffe,roliffek7@ucla.edu,382-454-4146
729,Malina,Symper,msymperk8@mapquest.com,574-587-1314
730,Pail,Cahey,pcaheyk9@spiegel.de,304-493-1078
731,Ambros,O'Rudden,aoruddenka@census.gov,180-748-7721
732,Ines,Ingram,iingramkb@sun.com,524-230-3976
733,Lars,Bartosik,lbartosikkc@ucla.edu,283-904-5972
734,Bobinette,Ingledow,bingledowkd@opensource.org,435-587-9029
735,Lebbie,Robbins,lrobbinske@shareasale.com,214-577-4553
736,Salmon,Iiannoni,siiannonikf@gravatar.com,536-669-0048
737,Pat,Allchorne,pallchornekg@g.co,417-545-0588
738,Nerti,Catonne,ncatonnekh@123-reg.co.uk,190-936-0062
739,Wright,Mitkin,wmitkinki@bravesites.com,406-489-6115
740,Berenice,Bruineman,bbruinemankj@vinaora.com,754-440-6809
741,Laurence,Kilbee,lkilbeekk@imageshack.us,105-909-2904
742,Myer,Dybald,mdybaldkl@weebly.com,743-382-3016
743,Valentine,Cottage,vcottagekm@hatena.ne.jp,467-889-9198
744,Demetris,Raven,dravenkn@toplist.cz,541-735-6705
745,Ransell,Lyons,rlyonsko@stanford.edu,646-363-8790
746,Jaymie,Hamlett,jhamlettkp@imdb.com,167-765-5808
747,Elianora,Leavy,eleavykq@hostgator.com,920-752-5692
748,Charles,Dorro,cdorrokr@ucla.edu,159-374-6377
749,Hamid,Yeell,hyeellks@engadget.com,464-976-9903
750,Briant,Tunnicliff,btunnicliffkt@msn.com,898-125-3469
751,Taffy,Radki,tradkiku@moonfruit.com,322-302-4316
752,Arlinda,Bruffell,abruffellkv@utexas.edu,682-589-8673
753,Cullen,Slimmon,cslimmonkw@wired.com,927-999-0179
754,Winonah,Dutson,wdutsonkx@cargocollective.com,418-840-2865
755,Suzanna,Gislebert,sgislebertky@clickbank.net,541-386-4095
756,Sim,Hryniewicki,shryniewickikz@businesswire.com,805-769-9225
757,Farra,Beddoe,fbeddoel0@vistaprint.com,253-625-8713
758,Roze,Eouzan,reouzanl1@unicef.org,982-482-7765
759,Zacharie,Paolinelli,zpaolinellil2@skype.com,800-399-6199
760,Leeland,Falkus,lfalkusl3@japanpost.jp,137-279-4484
761,Katee,Innes,kinnesl4@bing.com,945-168-7346
762,Wilow,Sharman,wsharmanl5@wordpress.org,668-210-0351
763,Hamnet,O'Hannen,hohannenl6@yahoo.co.jp,850-376-1267
764,Kendall,Deex,kdeexl7@msu.edu,972-500-9442
765,Lelah,Biggadike,lbiggadikel8@imdb.com,296-737-7410
766,Hamnet,Brettell,hbrettelll9@hugedomains.com,798-892-5417
767,Guglielma,Blackmuir,gblackmuirla@skyrock.com,761-549-9854
768,Collin,Matley,cmatleylb@1688.com,196-423-2931
769,Karrah,St. Hill,ksthilllc@washington.edu,566-302-2687
770,Michel,Waddington,mwaddingtonld@desdev.cn,170-617-5700
771,Tedd,Fettiplace,tfettiplacele@census.gov,455-701-4096
772,Ronny,Caselli,rcasellilf@exblog.jp,693-550-5795
773,Nell,Harbisher,nharbisherlg@deviantart.com,266-587-9448
774,Cammi,Regorz,cregorzlh@de.vu,422-734-2165
775,Korie,Quenell,kquenellli@4shared.com,662-265-8364
776,Louie,Runacres,lrunacreslj@ehow.com,358-731-9398
777,Carina,Huzzay,chuzzaylk@i2i.jp,729-265-8822
778,Addy,Mahaddy,amahaddyll@surveymonkey.com,950-936-1491
779,Jarrad,Titmuss,jtitmusslm@clickbank.net,755-995-7139
780,Shanie,Dorin,sdorinln@vkontakte.ru,386-233-6438
781,Tripp,Shawl,tshawllo@illinois.edu,492-650-1025
782,Haslett,Prayer,hprayerlp@sohu.com,591-920-9657
783,Berri,Leece,bleecelq@desdev.cn,355-172-5470
784,Malachi,Felder,mfelderlr@bloglines.com,469-778-9813
785,Chev,Connew,cconnewls@umich.edu,185-328-7411
786,Jordana,Barbrick,jbarbricklt@qq.com,932-462-8436
787,Anestassia,O' Flaherty,aoflahertylu@scientificamerican.com,491-371-9041
788,Marybeth,Freschini,mfreschinilv@usatoday.com,362-694-4611
789,Margo,Woolforde,mwoolfordelw@wisc.edu,477-635-5466
790,Esma,Hamner,ehamnerlx@chron.com,945-329-6158
791,Querida,Vasyagin,qvasyaginly@bloglines.com,464-990-8773
792,Robby,Friedenbach,rfriedenbachlz@indiegogo.com,748-854-1289
793,Artair,Scutt,ascuttm0@twitpic.com,535-850-6172
794,Lorenza,Kennagh,lkennaghm1@google.ca,891-993-8154
795,Felicio,Fryatt,ffryattm2@posterous.com,952-473-9435
796,Rubia,Marcu,rmarcum3@nasa.gov,631-902-4904
797,Phil,Bangs,pbangsm4@miibeian.gov.cn,112-980-6375
798,Clevey,Rainy,crainym5@hatena.ne.jp,980-531-2276
799,Selene,Toulmin,stoulminm6@goodreads.com,747-265-6307
800,Robinet,Beidebeke,rbeidebekem7@xrea.com,969-508-6793
801,Reece,Laytham,rlaythamm8@toplist.cz,931-636-2929
802,Tim,Minillo,tminillom9@bluehost.com,227-335-2972
803,Devlen,Schleicher,dschleicherma@seattletimes.com,753-448-0146
804,Sigmund,Labden,slabdenmb@yellowpages.com,662-299-1779
805,Dolph,Jeannin,djeanninmc@symantec.com,594-348-9759
806,Byran,Tiebe,btiebemd@sbwire.com,343-914-9694
807,Nannie,Haville,nhavilleme@hexun.com,202-826-6278
808,Pepillo,Meni,pmenimf@phoca.cz,100-726-9289
809,Pammy,Gershom,pgershommg@forbes.com,480-123-8710
810,Stafford,Boniface,sbonifacemh@joomla.org,966-242-3447
811,Mirna,Towers,mtowersmi@trellian.com,995-364-2601
812,Pierre,Hourican,phouricanmj@yale.edu,151-941-2111
813,Gilli,Martinie,gmartiniemk@list-manage.com,636-372-6323
814,Aldis,Boltwood,aboltwoodml@cdc.gov,311-548-3415
815,Marcus,Colbrun,mcolbrunmm@prweb.com,244-760-0582
816,Otto,Keely,okeelymn@indiegogo.com,759-900-5187
817,Tome,Bednell,tbednellmo@wired.com,759-172-8810
818,Bondie,Benstead,bbensteadmp@dyndns.org,968-426-9246
819,Paulita,Vannini,pvanninimq@pinterest.com,516-617-5013
820,Farly,Corey,fcoreymr@jimdo.com,576-538-4395
821,Madelene,Deave,mdeavems@eventbrite.com,352-573-6969
822,Roxie,Khalid,rkhalidmt@abc.net.au,328-223-5098
823,Bessie,Fransseni,bfranssenimu@va.gov,668-778-5834
824,Lila,Kloska,lkloskamv@netscape.com,742-488-0238
825,Renado,Maskew,rmaskewmw@sphinn.com,640-904-0789
826,Hyatt,Berge,hbergemx@walmart.com,592-987-1512
827,Jaimie,McKevany,jmckevanymy@craigslist.org,933-244-9312
828,Pammie,Maddock,pmaddockmz@ox.ac.uk,438-657-8954
829,Brunhilda,Trunkfield,btrunkfieldn0@w3.org,781-911-2020
830,Ettie,Ragsdale,eragsdalen1@w3.org,343-564-7287
831,Gusta,Gaspar,ggasparn2@pagesperso-orange.fr,355-521-3500
832,Petunia,Rissen,prissenn3@goodreads.com,275-123-3024
833,Marrissa,Gage,mgagen4@baidu.com,514-863-4198
834,Philippa,Pickard,ppickardn5@cmu.edu,344-432-5049
835,Kathryn,Preshaw,kpreshawn6@xrea.com,170-577-7855
836,Rriocard,Moss,rmossn7@jiathis.com,733-605-5683
837,Heinrick,Musso,hmusson8@studiopress.com,255-873-3218
838,Carlin,Momery,cmomeryn9@berkeley.edu,901-736-9403
839,Christophe,Debenham,cdebenhamna@sciencedaily.com,436-960-4266
840,Dun,Dundridge,ddundridgenb@skyrock.com,259-435-1804
841,Shurlock,Clucas,sclucasnc@discovery.com,552-438-3669
842,Reggi,Dodgshon,rdodgshonnd@sfgate.com,520-268-9652
843,Henryetta,Lamblin,hlamblinne@vimeo.com,473-474-5177
844,Friederike,Baynton,fbayntonnf@drupal.org,229-519-4725
845,Hestia,Edkins,hedkinsng@bloomberg.com,768-658-9102
846,Penn,Markwell,pmarkwellnh@ucla.edu,465-811-9730
847,Freddy,Richold,fricholdni@icq.com,105-220-7533
848,Tatum,Raith,traithnj@seattletimes.com,736-177-4608
849,Sauveur,McGuire,smcguirenk@com.com,467-218-2392
850,Anastassia,Antal,aantalnl@twitter.com,964-259-3754
851,Ricky,Fireman,rfiremannm@house.gov,455-493-8425
852,Caroljean,Lugg,cluggnn@elegantthemes.com,850-404-6650
853,Eilis,Armand,earmandno@bloglovin.com,423-630-7900
854,Melisande,Skyppe,mskyppenp@sphinn.com,962-580-0983
855,Mikel,Waud,mwaudnq@toplist.cz,547-825-0459
856,Carr,Labbe,clabbenr@cnbc.com,372-789-8371
857,Nehemiah,Godleman,ngodlemanns@blogspot.com,684-511-2011
858,Gordie,Pauli,gpaulint@themeforest.net,297-593-6796
859,Ram,Skingley,rskingleynu@ted.com,946-521-4503
860,Esmeralda,Dongate,edongatenv@g.co,251-975-3752
861,Johny,Povah,jpovahnw@vimeo.com,347-550-5243
862,Gustie,Benck,gbencknx@webnode.com,235-236-3145
863,Colline,Ceresa,cceresany@usda.gov,188-725-3277
864,Sheilakathryn,Crumpton,scrumptonnz@timesonline.co.uk,185-305-7169
865,Cristionna,Sallowaye,csallowayeo0@istockphoto.com,643-422-9601
866,Tiffani,Sturdy,tsturdyo1@facebook.com,990-582-1391
867,Stefania,Ingleby,singlebyo2@simplemachines.org,823-389-2478
868,Jessey,Witchalls,jwitchallso3@bravesites.com,205-192-5765
869,Verney,Peete,vpeeteo4@adobe.com,383-363-4421
870,Charlean,Anscombe,canscombeo5@goo.ne.jp,824-940-5780
871,Gerianne,Luchetti,gluchettio6@slate.com,772-462-8080
872,Johanna,Matz,jmatzo7@economist.com,956-791-8562
873,Liana,Panchen,lpancheno8@google.com.au,346-347-0102
874,Lucias,Darleston,ldarlestono9@indiegogo.com,905-698-6537
875,Hilly,Mecco,hmeccooa@aol.com,906-409-9426
876,Alessandra,Belchem,abelchemob@chronoengine.com,678-235-9545
877,Loydie,Harlow,lharlowoc@xinhuanet.com,843-166-1580
878,Tracee,Smithson,tsmithsonod@cloudflare.com,411-648-0780
879,Kore,O'Keefe,kokeefeoe@ucsd.edu,131-800-1197
880,Amery,Allbrook,aallbrookof@ihg.com,539-298-0570
881,Nyssa,Tedder,ntedderog@dot.gov,845-132-4727
882,Worth,Starsmore,wstarsmoreoh@twitter.com,615-324-0081
883,Reynolds,Borles,rborlesoi@g.co,323-946-9513
884,Pennie,Werendell,pwerendelloj@techcrunch.com,483-834-0510
885,Haleigh,Crum,hcrumok@google.fr,764-408-3735
886,Kerry,Stilldale,kstilldaleol@ovh.net,923-374-7521
887,Jonas,Sarchwell,jsarchwellom@comsenz.com,711-781-6690
888,Marcella,Jephson,mjephsonon@dedecms.com,419-624-3991
889,Clerissa,Hume,chumeoo@360.cn,271-446-5850
890,Abagael,MacIntosh,amacintoshop@hp.com,472-559-4599
891,Tonye,Legon,tlegonoq@techcrunch.com,424-414-1643
892,Sascha,Fanshaw,sfanshawor@microsoft.com,149-580-8334
893,Deny,Prest,dprestos@miitbeian.gov.cn,697-898-4988
894,Cherey,Forkan,cforkanot@slate.com,675-133-8797
895,Doreen,Springthorpe,dspringthorpeou@shop-pro.jp,212-598-3368
896,Wally,Giamelli,wgiamelliov@smh.com.au,722-109-6276
897,Herb,Grigolli,hgrigolliow@theatlantic.com,779-300-2442
898,Alexa,Ernke,aernkeox@mapquest.com,616-484-5281
899,Clementius,Risbridge,crisbridgeoy@desdev.cn,229-750-2909
900,Conant,Ayshford,cayshfordoz@woothemes.com,348-971-7457
901,Roseann,Batecok,rbatecokp0@eepurl.com,642-684-3070
902,Ezmeralda,Thomasset,ethomassetp1@columbia.edu,375-365-5187
903,Llewellyn,Paramore,lparamorep2@tinyurl.com,716-415-6547
904,Cristie,Cousin,ccousinp3@cpanel.net,487-954-9479
905,Quinta,Kinnaird,qkinnairdp4@i2i.jp,411-440-3766
906,Susie,Voce,svocep5@yandex.ru,585-924-0739
907,Linet,Russam,lrussamp6@ucoz.com,504-901-5461
908,Pail,Barenski,pbarenskip7@skype.com,105-834-6377
909,Tallulah,Cumpsty,tcumpstyp8@cafepress.com,362-912-5959
910,Silvio,Reeks,sreeksp9@youku.com,568-580-4313
911,Ruth,Cotte,rcottepa@wsj.com,426-544-8222
912,Vaughan,Thaim,vthaimpb@bloglovin.com,312-298-4795
913,Rowen,Carlill,rcarlillpc@ucoz.ru,155-848-5961
914,Loy,Rannigan,lranniganpd@prweb.com,904-449-5915
915,Leigh,Fayer,lfayerpe@indiegogo.com,825-855-1193
916,Haze,Lidgley,hlidgleypf@dagondesign.com,424-375-9784
917,Stirling,Perot,sperotpg@delicious.com,592-896-6297
918,Kissie,Goomes,kgoomesph@un.org,253-902-3755
919,Donall,Dominiak,ddominiakpi@geocities.com,140-613-3542
920,Cher,Crookall,ccrookallpj@freewebs.com,397-600-7067
921,Alic,Sprosson,asprossonpk@surveymonkey.com,609-856-1178
922,Ivan,Leavry,ileavrypl@pen.io,149-367-5014
923,Adina,Stooders,astooderspm@discuz.net,729-813-7101
924,Teodor,Challiner,tchallinerpn@wunderground.com,155-466-9048
925,Faith,Abbet,fabbetpo@si.edu,518-112-7999
926,Andie,Jirus,ajiruspp@ameblo.jp,327-747-8934
927,Angeline,Augur,aaugurpq@tamu.edu,459-558-5623
928,Agatha,Sebastian,asebastianpr@paginegialle.it,208-237-2028
929,Ruttger,Giblin,rgiblinps@cafepress.com,706-694-8143
930,Leoine,Rodrigues,lrodriguespt@1688.com,561-198-7894
931,Nonie,Levay,nlevaypu@php.net,159-453-4610
932,Fionna,Becerra,fbecerrapv@exblog.jp,942-533-3378
933,Gay,Grayshan,ggrayshanpw@nih.gov,112-358-6671
934,Holden,Canceller,hcancellerpx@europa.eu,800-524-5172
935,Marius,Cousin,mcousinpy@homestead.com,948-681-2716
936,Gertrud,Gipp,ggipppz@wired.com,601-908-2633
937,Corey,Boulder,cboulderq0@gizmodo.com,930-160-7372
938,Dalia,Joseland,djoselandq1@4shared.com,730-208-7558
939,Gayler,Scarman,gscarmanq2@microsoft.com,650-285-6893
940,Chip,Grieves,cgrievesq3@ovh.net,123-803-8101
941,Avis,Durrans,adurransq4@google.co.jp,850-854-4874
942,Paul,Brenton,pbrentonq5@usa.gov,765-462-2747
943,Stu,Agge,saggeq6@nbcnews.com,828-735-7206
944,Zacherie,Gilkison,zgilkisonq7@indiegogo.com,102-688-4719
945,Inger,Klaessen,iklaessenq8@state.tx.us,384-958-2107
946,Trudi,Mumberson,tmumbersonq9@mediafire.com,557-191-0301
947,Brett,Jojic,bjojicqa@census.gov,444-853-8525
948,Markus,Marshal,mmarshalqb@hexun.com,303-382-7834
949,Burlie,Docksey,bdockseyqc@prnewswire.com,918-865-1281
950,Shalna,Rapinett,srapinettqd@slideshare.net,622-774-0546
951,Billy,Luckhurst,bluckhurstqe@creativecommons.org,571-609-1130
952,Lilia,Dellit,ldellitqf@merriam-webster.com,122-229-1778
953,Emelia,Druitt,edruittqg@reverbnation.com,975-870-4341
954,Jonas,Aspinell,jaspinellqh@mozilla.com,959-194-4080
955,Isaiah,Millen,imillenqi@multiply.com,326-346-8812
956,Estel,Kempshall,ekempshallqj@wisc.edu,971-238-5732
957,Lockwood,Tooby,ltoobyqk@omniture.com,347-307-5112
958,Amii,Braunlein,abraunleinql@com.com,830-490-0371
959,Gideon,Rumbellow,grumbellowqm@webmd.com,588-888-5427
960,Gherardo,Scading,gscadingqn@dmoz.org,172-625-3695
961,Ogdan,Kettlewell,okettlewellqo@ocn.ne.jp,454-518-2051
962,Consalve,Darque,cdarqueqp@amazon.de,353-208-4216
963,Teri,O'Shavlan,toshavlanqq@sfgate.com,883-516-9777
964,Mandel,Lewzey,mlewzeyqr@omniture.com,115-490-6947
965,Lincoln,Burd,lburdqs@nymag.com,834-332-0032
966,Biddie,Omrod,bomrodqt@weibo.com,952-603-4377
967,Westley,Polleye,wpolleyequ@theglobeandmail.com,925-884-0772
968,Dunc,Wilstead,dwilsteadqv@sfgate.com,519-763-0011
969,Orland,Le Batteur,olebatteurqw@soup.io,730-910-9236
970,Gardiner,Nucci,gnucciqx@google.co.uk,210-704-1941
971,Arlene,Woodham,awoodhamqy@google.fr,935-889-2027
972,Torr,Buddle,tbuddleqz@youku.com,633-708-0315
973,Laurie,Ovanesian,lovanesianr0@trellian.com,884-954-6386
974,Claribel,Cave,ccaver1@infoseek.co.jp,128-559-5503
975,Kelci,Shinfield,kshinfieldr2@sbwire.com,392-797-2727
976,Vivyanne,Ryton,vrytonr3@senate.gov,922-762-1891
977,Vera,ffrench Beytagh,vffrenchbeytaghr4@studiopress.com,678-930-5126
978,Son,Preedy,spreedyr5@bbc.co.uk,636-937-9594
979,Arlyne,Halcro,ahalcror6@answers.com,491-998-3234
980,Aime,MacKaig,amackaigr7@disqus.com,221-683-3732
981,Fanchette,Sibbe,fsibber8@yelp.com,506-766-5280
982,Michail,Smaleman,msmalemanr9@netlog.com,788-479-4067
983,Hedvige,O'Fallone,hofallonera@bluehost.com,810-246-2044
984,Nathalie,Flarity,nflarityrb@independent.co.uk,946-752-5340
985,Lorinda,Bagshaw,lbagshawrc@alibaba.com,654-164-1165
986,Bunni,Punton,bpuntonrd@craigslist.org,393-868-3433
987,Josi,Balderstone,jbalderstonere@pinterest.com,873-157-3849
988,Ruthe,Willmetts,rwillmettsrf@webmd.com,260-667-1415
989,Yehudi,Keoghan,ykeoghanrg@bing.com,407-417-8305
990,Mohandas,Poynton,mpoyntonrh@spiegel.de,776-746-5157
991,Shirleen,Squires,ssquiresri@epa.gov,563-920-8211
992,Lane,Kubicka,lkubickarj@ft.com,402-671-7833
993,Mara,Philipsson,mphilipssonrk@imgur.com,501-570-4228
994,Lorianne,Fawdrey,lfawdreyrl@icio.us,319-701-7403
995,Deonne,Doggart,ddoggartrm@examiner.com,926-863-5732
996,Liva,Boynton,lboyntonrn@istockphoto.com,369-760-1348
997,Orel,Douris,odourisro@chicagotribune.com,365-654-2736
998,Husein,Sillwood,hsillwoodrp@trellian.com,835-708-2793
999,Milo,Tomson,mtomsonrq@imageshack.us,894-396-8957
1000,Stefano,Pacht,spachtrr@bluehost.com,994-382-0010